ACCIDENT_YEAR,COLLISION_DATE,COLLISION_TIME,MONTH,SEASON,24HOURS,DAY_OF_WEEK,INTERSECTION,WEATHER_1,STATE_HWY_IND,ROAD_SURFACE,ROAD_COND_1,LIGHTING,STWD_VEHTYPE_AT_FAULT,CHP_VEHTYPE_AT_FAULT,DIRECTION,PCF_VIOL_CATEGORY,TYPE_OF_COLLISION,PEDESTRIAN_ACCIDENT,BICYCLE_ACCIDENT,MOTORCYCLE_ACCIDENT,TRUCK_ACCIDENT,MVIW,TOW_AWAY,HIT_AND_RUN,CONTROL_DEVICE,NUMBER_INJURED,COUNT_PED_INJURED,COUNT_BICYCLIST_INJURED,COUNT_MC_INJURED,PCF_VIOLATION,PARTY_COUNT,POINT_Y,POINT_X,COLLISION_SEVERITY
2011,2011-09-12,1455,9,3,14,1,N,A,N,A,H,A,C,02,S,08,F,,,Y,,A,Y,N,A,2,0,0,2,22107.0,2,38.09606926,-120.87238669,2
2011,2011-10-01,200,10,3,2,6,N,A,N,A,H,C,D,22,W,01,A,,,,,C,Y,N,D,1,0,0,0,23152.0,2,38.13729132,-120.45970899,3
2011,2011-08-18,1325,8,2,13,4,N,A,N,A,H,A,A,01,S,01,E,,,,,I,Y,N,D,1,0,0,0,23152.0,1,37.92602695,-120.59655368,3
2011,2011-10-10,1507,10,3,15,1,N,C,N,D,G,A,A,01,E,03,A,,,,,C,Y,N,A,1,0,0,0,22350.0,2,38.1893379,-120.65799473,2
2011,2011-10-11,710,10,3,7,2,N,B,Y,B,H,A,A,01,S,01,A,,,,,C,Y,N,D,4,0,0,0,23152.0,2,38.30368516,-120.73082296,4
2011,2011-10-10,1525,10,3,15,1,N,B,Y,B,H,A,A,01,S,05,A,,,,,C,Y,N,A,2,0,0,0,21460.0,2,38.03144677,-120.50642013,4
2011,2011-10-10,1705,10,3,17,1,N,B,Y,B,H,A,A,01,E,03,A,,,,,C,Y,N,A,1,0,0,0,22350.0,2,38.11231836,-120.9082499,4
2011,2011-10-06,1235,10,3,12,4,N,B,N,B,H,A,D,22,N,03,E,,,,,I,Y,N,D,2,0,0,0,22350.0,1,38.09824832,-120.87734756,2
2011,2011-10-07,125,10,3,1,5,N,A,Y,A,H,C,A,07,W,17,E,,,,,I,Y,N,A,1,0,0,0,23112.0,1,38.19448529,-120.97822993,3
2011,2011-09-18,1630,9,3,16,7,N,A,Y,A,H,A,A,07,W,08,F,,,,,A,Y,N,D,3,0,0,0,22107.0,1,38.18479966,-120.83944406,3
2011,2011-09-03,2004,9,3,20,6,N,A,Y,A,H,D,A,01,W,08,E,,,,,I,Y,N,D,1,0,0,0,22107.0,1,38.30227364,-120.27687703,3
2011,2011-09-08,20,9,3,0,4,N,A,Y,A,H,D,-,- ,S,18,H,,,,,A,N,N,D,1,0,0,0,,1,38.13240535,-120.63494768,2
2011,2011-09-19,1224,9,3,12,1,N,A,Y,A,H,A,A,01,E,01,E,,,,,I,Y,N,A,1,0,0,0,23152.0,1,38.11274013,-120.90834151,4
2011,2011-10-04,2125,10,3,21,2,N,C,N,B,H,D,A,01,E,05,E,,,,,J,Y,N,D,1,0,0,0,21650.0,1,38.19173585,-120.59991896,3
2011,2011-07-11,1226,7,2,12,1,N,A,Y,A,H,A,-,- ,S,08,E,,,,,I,Y,N,A,1,0,0,0,22107.0,1,38.06255139,-120.53712471,3
2011,2011-08-12,1521,8,2,15,5,N,A,Y,A,H,A,A,01,E,03,B,,,,,C,N,N,D,1,0,0,0,22350.0,2,38.07622516,-120.547974,4
2011,2011-08-12,1346,8,2,13,5,N,A,Y,A,H,A,A,01,S,21,C,,,,,C,N,N,A,1,0,0,0,22106.0,2,38.07910865,-120.5538368,4
2011,2011-09-23,1645,9,3,16,5,Y,A,Y,A,H,A,A,07,,12,D,,,,,C,Y,N,A,4,0,0,0,22450.0,2,38.21508515,-120.76334296,3
2011,2011-09-27,1535,9,3,15,2,N,A,N,A,H,A,A,08,N,03,G,Y,,,,B,N,F,D,1,1,0,0,22350.0,2,38.19873435,-120.6798822,4
2011,2011-09-24,1155,9,3,11,6,N,A,Y,A,H,A,C,02,S,05,E,,,Y,,I,Y,N,A,1,0,0,1,21650.0,1,38.0376987,-120.51112301,2
2011,2011-09-03,1845,9,3,18,6,N,A,Y,A,H,A,A,01,S,01,E,,,,,I,Y,N,D,1,0,0,0,23152.0,1,38.12164855,-120.62391408,4
2011,2011-09-19,2200,9,3,22,1,N,A,Y,A,A,C,N,60,N,11,G,Y,,,,B,N,N,D,1,1,0,0,21954.0,2,38.19929032,-120.68865559,4
2011,2011-10-18,1750,10,3,17,2,N,A,Y,A,H,A,D,22,E,01,E,,,,,I,Y,N,D,1,0,0,0,23152.0,1,38.13082563,-120.87368339,4
2011,2011-09-07,1430,9,3,14,3,N,A,N,A,H,A,-,- ,S,18,F,,,Y,,A,N,N,D,1,0,0,1,,1,38.26687862,-120.49152823,3
2011,2011-09-30,2220,9,3,22,5,N,A,N,A,H,D,C,02,E,01,F,,,Y,,A,N,N,D,1,0,0,1,23152.0,1,38.40345143,-120.52148467,3
2011,2011-09-27,1930,9,3,19,2,N,A,N,A,H,D,C,02,S,05,F,,,Y,,A,Y,N,D,1,0,0,1,21650.0,1,38.18402201,-120.81801921,2
2011,2011-09-27,1033,9,3,10,2,N,A,Y,A,H,A,A,01,E,08,F,,,,,A,Y,N,D,1,0,0,0,22107.0,1,38.19544409,-120.80807912,3
2011,2011-09-26,1625,9,3,16,1,N,A,Y,A,H,A,A,07,W,05,F,,,,,A,Y,N,D,1,0,0,0,21650.0,1,38.09082423,-120.47716679,3
2011,2011-10-29,2040,10,3,20,6,N,A,Y,A,H,D,D,22,W,05,F,,,,,A,Y,N,D,1,0,0,0,21650.0,1,38.20585083,-120.73034383,3
2011,2011-11-02,1023,11,3,10,3,N,A,Y,A,H,A,A,01,E,03,C,,,,,C,Y,N,D,1,0,0,0,22350.0,2,38.13457478,-120.45579116,3
2011,2011-11-03,750,11,3,7,4,N,A,Y,A,H,A,G,79,E,03,C,,,,Y,C,N,N,D,1,0,0,0,22350.0,2,38.18336167,-120.88682142,4
2011,2011-11-06,30,11,3,0,7,N,B,Y,B,H,C,D,22,W,08,E,,,,,I,Y,N,D,1,0,0,0,22107.0,1,38.09504215,-120.47177961,4
2011,2011-10-15,2025,10,3,20,6,N,A,Y,A,H,D,A,01,W,03,F,,,,,A,Y,N,D,1,0,0,0,22350.0,1,38.03395549,-120.64950631,3
2011,2011-10-11,1635,10,3,16,2,N,A,Y,A,H,A,-,- ,E,18,E,,,,,J,Y,N,D,3,0,0,0,,2,38.21240768,-120.75027721,2
2011,2011-10-10,740,10,3,7,1,N,B,Y,A,H,A,A,01,W,05,E,,,,,I,Y,N,D,1,0,0,0,21650.0,1,38.27240719,-120.73145805,3
2011,2011-10-05,600,10,3,6,3,N,B,Y,B,H,D,A,07,E,03,F,,,,,A,Y,N,A,1,0,0,0,22350.0,1,38.11245913,-120.90828145,4
2011,2011-10-28,1635,10,3,16,5,N,A,Y,A,H,A,A,01,E,01,E,,,,,I,Y,N,D,1,0,0,0,23152.0,1,38.16501466,-120.4298458,3
2011,2011-11-11,1805,11,3,18,5,N,C,N,B,H,D,A,01,E,05,E,,,,,I,Y,N,D,1,0,0,0,21650.0,1,37.90834875,-120.60982531,4
2011,2011-11-11,2255,11,3,22,5,N,C,Y,B,H,D,A,01,E,08,E,,,,,I,Y,N,D,1,0,0,0,22107.0,1,37.94297085,-120.70465408,4
2011,2011-11-02,1954,11,3,19,3,N,D,Y,A,H,A,N,60,S,11,G,Y,,,,B,N,N,D,1,1,0,0,21954.0,2,38.1965468,-120.68201365,3
2011,2011-11-16,1718,11,3,17,3,N,A,Y,A,H,D,A,07,N,05,A,,,,,C,Y,N,D,2,0,0,0,21650.0,2,38.24316694,-120.71746877,2
2011,2011-11-19,1955,11,3,19,6,N,B,Y,A,H,D,D,22,E,01,E,,,,,I,Y,N,D,1,0,0,0,23152.0,1,38.3204115,-120.64978027,3
2011,2011-11-19,930,11,3,9,6,Y,A,Y,A,H,A,A,01,,09,D,,,,,C,Y,N,A,2,0,0,0,21801.0,2,38.21049693,-120.76783973,4
2011,2011-10-20,1530,10,3,15,4,N,A,Y,A,H,A,A,01,N,03,C,,,,,C,Y,N,A,1,0,0,0,22350.0,2,38.07317815,-120.54300912,4
2011,2011-11-13,1435,11,3,14,7,N,A,N,A,H,A,-,- ,S,18,H,,,Y,,H,N,N,D,1,0,0,1,,1,38.16710298,-120.85527969,3
2011,2011-10-25,1515,10,3,15,2,N,A,Y,A,H,A,-,- ,S,09,D,,,,,C,Y,N,D,2,0,0,0,21801.0,2,38.08542281,-120.5649355,3
2011,2011-11-25,525,11,3,5,5,N,B,Y,B,H,D,A,01,W,05,E,,,,,I,Y,N,A,0,0,0,0,21650.0,1,38.29997995,-120.68283191,1
2011,2011-09-26,1745,9,3,17,1,N,A,Y,A,H,A,A,07,E,08,E,,,,,J,Y,N,D,0,0,0,0,22107.0,1,38.1492927,-120.44526474,1
2011,2011-11-18,1552,11,3,15,5,N,C,Y,B,H,A,I,09,E,05,A,,,,,C,Y,N,D,2,0,0,0,21650.0,2,38.34015985,-120.60798822,3
2011,2011-10-22,1720,10,3,17,6,N,A,Y,A,H,A,-,- ,E,18,H,,,Y,,H,Y,N,D,1,0,0,1,,1,38.37877545,-120.54393854,3
2011,2011-11-19,1105,11,3,11,6,N,A,Y,A,H,A,A,01,S,03,C,,,,,C,Y,N,D,1,0,0,0,22350.0,2,38.25154516,-120.71852009,4
2011,2011-11-19,1715,11,3,17,6,Y,A,Y,A,H,D,A,01,,08,E,,,,,I,Y,N,A,1,0,0,0,22107.0,1,38.0835681,-120.51423285,4
2011,2011-11-14,120,11,3,1,1,Y,A,Y,A,H,C,A,07,,01,E,,,,,I,Y,M,A,2,0,0,0,23152.0,1,38.20484515,-120.69744295,3
2011,2011-11-25,2215,11,3,22,5,N,A,Y,A,-,D,A,07,W,03,F,,,,,A,Y,N,D,1,0,0,0,22350.0,1,38.03415434,-120.64969406,3
2011,2011-11-26,2215,11,3,22,6,N,B,Y,A,H,D,A,01,W,08,F,,,,,A,Y,N,D,2,0,0,0,22107.0,1,38.20320696,-120.72462286,3
2011,2011-11-23,1545,11,3,15,3,N,B,Y,A,H,A,A,01,E,21,C,,,,,C,N,N,D,1,0,0,0,22106.0,2,38.21137515,-120.76598296,4
2011,2011-12-06,1655,12,4,16,2,N,B,N,A,A,B,A,07,W,01,E,,,,,I,Y,N,D,3,0,0,0,23152.0,1,38.22788683,-120.37474232,2
2011,2011-11-24,1530,11,3,15,4,N,B,Y,B,H,A,A,01,S,03,C,,,,,E,Y,N,D,2,0,0,0,22350.0,2,38.19180651,-120.67577888,4
2011,2011-12-03,1500,12,4,15,6,N,-,Y,A,-,A,D,22,E,05,E,,,,,I,Y,N,D,1,0,0,0,21650.0,1,38.18533171,-120.8537026,4
2011,2011-02-05,1035,2,4,10,6,Y,A,Y,A,H,A,A,01,,09,D,,,,,C,Y,N,D,1,0,0,0,21802.0,2,38.19761694,-120.68585275,4
2011,2011-11-30,430,11,3,4,3,N,B,N,B,H,D,A,01,N,05,E,,,,,I,Y,N,D,1,0,0,0,21650.0,1,38.16503082,-120.84020234,2
2011,2011-12-12,310,12,4,3,1,N,A,N,A,H,D,D,22,S,01,F,,,,,A,Y,N,D,1,0,0,0,23152.0,1,38.08697681,-120.87395269,4
2011,2011-12-07,1800,12,4,18,3,N,A,Y,A,H,D,A,01,N,03,C,,,,,C,N,N,D,1,0,0,0,22350.0,2,38.05692334,-120.53565081,4
2011,2011-12-07,1810,12,4,18,3,N,A,N,A,H,D,A,01,S,09,A,,,,,C,Y,N,D,2,0,0,0,21801.0,2,38.19117091,-120.67045602,4
2011,2011-12-02,2000,12,4,20,5,N,A,N,A,H,D,A,01,N,01,E,,,,,I,Y,M,A,1,0,0,0,23152.0,1,38.05438944,-120.8701703,3
2011,2011-12-18,2100,12,4,21,7,N,A,Y,A,H,D,A,01,W,01,E,,,,,I,Y,N,D,1,0,0,0,23152.0,1,38.15505326,-120.4383186,3
2011,2011-12-25,215,12,4,2,7,N,A,N,A,H,D,A,07,N,08,F,,,,,A,Y,N,D,1,0,0,0,22107.0,1,38.09986441,-120.87253102,3
2011,2011-12-15,805,12,4,8,4,N,C,N,B,H,A,A,01,N,05,E,,,,,I,Y,N,D,1,0,0,0,21650.0,1,38.13131562,-120.84498629,4
2011,2011-12-31,1530,12,4,15,6,N,B,N,D,H,A,C,06,E,03,E,,,Y,,I,N,N,D,2,0,0,2,38305.0,1,,,3
2011,2011-12-24,920,12,4,9,6,N,A,Y,A,H,A,A,01,W,05,E,,,,,I,Y,N,D,2,0,0,0,21650.0,1,38.33860322,-120.59924856,3
2011,2011-12-24,1830,12,4,18,6,N,A,Y,A,H,D,A,01,E,01,E,,,,,I,Y,N,D,1,0,0,0,23152.0,1,38.13082563,-120.87368339,3
2012,2012-01-04,1554,1,4,15,3,N,A,Y,A,H,A,-,- ,E,- ,A,,,Y,,C,N,N,A,1,0,0,1,,2,38.19245656,-120.82651436,3
2011,2011-12-22,137,12,4,1,4,N,A,N,A,H,D,D,22,N,01,E,,,,,I,Y,N,D,2,0,0,0,23152.0,1,38.20621546,-120.95245421,2
2011,2011-12-16,1212,12,4,12,5,N,A,N,A,H,A,A,07,W,03,F,,,,,A,Y,N,D,1,0,0,0,22350.0,1,38.18850284,-120.66255217,3
2012,2012-01-02,1219,1,4,12,1,N,B,Y,A,H,A,A,08,N,08,E,,,,,J,Y,N,D,1,0,0,0,22107.0,1,38.1585201,-120.6464731,4
2012,2012-01-16,1405,1,4,14,1,N,A,Y,A,H,A,A,01,W,08,F,,,,,A,Y,N,D,2,0,0,0,22107.0,1,38.2047105,-120.71372693,4
2012,2012-01-18,710,1,4,7,3,N,A,N,A,H,A,A,01,N,05,A,,,,,C,Y,N,D,3,0,0,0,21460.0,3,38.0519162,-120.47098786,3
2012,2012-01-21,340,1,4,3,6,N,B,Y,B,H,C,A,07,E,08,E,,,,,I,Y,N,D,2,0,0,0,22107.0,1,38.19266388,-120.82547168,3
2012,2012-01-20,1610,1,4,16,5,N,C,Y,B,H,A,A,01,E,03,F,,,,,A,Y,N,D,2,0,0,0,22350.0,1,38.11317513,-120.90836297,3
2012,2012-01-31,1355,1,4,13,2,N,A,N,A,H,A,D,22,N,05,E,,,,,I,Y,N,D,1,0,0,0,21650.0,1,38.01617265,-120.85288525,3
2012,2012-01-30,1755,1,4,17,1,N,A,N,A,H,D,A,01,S,08,E,,,,,I,Y,N,D,1,0,0,0,22107.0,1,38.28401576,-120.65321267,4
2012,2012-01-29,1540,1,4,15,7,Y,A,Y,A,H,A,L,04,,09,H,,Y,,,G,N,N,A,1,0,1,0,21802.0,2,38.18835232,-120.67441316,4
2012,2012-01-22,1005,1,4,10,7,N,B,Y,A,H,A,A,07,S,01,E,,,,,I,Y,N,D,1,0,0,0,23152.0,1,38.12671491,-120.63098955,3
2012,2012-01-23,1600,1,4,16,1,N,B,Y,B,H,A,A,01,N,03,C,,,,,C,Y,N,D,1,0,0,0,22350.0,2,38.22261532,-120.70078044,4
2012,2012-01-21,1350,1,4,13,6,N,D,Y,C,H,A,D,22,W,16,E,,,,,I,Y,N,A,2,0,0,0,27459.0,1,38.34274554,-120.21438099,3
2012,2012-01-21,1501,1,4,15,6,N,B,Y,C,H,A,A,07,W,03,A,,,,,E,Y,N,D,1,0,0,0,22350.0,2,38.34274554,-120.21438099,4
2012,2012-01-23,1325,1,4,13,1,N,B,N,B,H,A,A,07,S,03,E,,,,,I,Y,N,D,1,0,0,0,22350.0,1,38.08568845,-120.8740312,3
2012,2012-01-22,1305,1,4,13,7,N,C,Y,B,H,A,A,01,E,03,D,,,,,C,Y,N,D,1,0,0,0,22350.0,2,38.11259977,-120.90831227,4
2012,2012-01-06,1740,1,4,17,5,N,A,N,A,H,C,N,60,W,11,G,Y,,,,B,N,N,D,1,1,0,0,21954.0,2,38.29916979,-120.70671787,4
2012,2012-01-07,1025,1,4,10,6,N,A,Y,A,H,A,A,01,S,03,C,,,,,C,Y,N,D,3,0,0,0,22350.0,2,38.10066171,-120.58961356,3
2012,2012-02-29,1018,2,4,10,3,N,C,Y,B,H,A,A,07,E,03,A,,,,,C,Y,N,D,1,0,0,0,22350.0,2,38.14124582,-120.86420376,4
2012,2012-03-05,1730,3,1,17,1,Y,A,Y,A,H,B,D,22,,09,D,,,,,C,Y,N,A,1,0,0,0,21801.0,2,38.18353465,-120.89047896,4
2012,2012-02-05,2225,2,4,22,7,N,A,N,A,H,D,A,01,N,03,E,,,,,I,Y,N,D,2,0,0,0,22350.0,1,38.26237115,-120.51467299,3
2012,2012-02-02,1309,2,4,13,4,N,A,Y,A,H,A,A,07,W,01,F,,,,,A,N,N,D,1,0,0,0,23152.0,1,38.23304048,-120.76050212,3
2012,2012-02-08,2005,2,4,20,3,N,A,Y,A,H,D,N,60,S,11,G,Y,,,,B,N,N,D,1,1,0,0,21957.0,2,38.23424892,-120.71036607,4
2012,2012-01-29,1554,1,4,15,7,N,A,Y,A,-,A,A,01,E,05,E,,,,,I,Y,N,D,2,0,0,0,21650.0,1,38.18601322,-120.86264849,4
2012,2012-02-11,7,2,4,0,6,N,B,Y,A,H,D,D,22,W,08,E,,,,,I,Y,N,D,1,0,0,0,22107.0,1,38.20148472,-120.98285652,4
2012,2012-02-20,1500,2,4,15,1,N,B,Y,A,H,A,D,22,E,03,E,,,,,I,Y,N,A,1,0,0,0,22350.0,1,38.28078341,-120.30806096,2
2012,2012-02-28,1325,2,4,13,2,N,A,Y,A,H,A,A,01,E,03,C,,,,,C,Y,N,D,2,0,0,0,22350.0,2,38.19380313,-120.81881526,3
2012,2012-02-24,2035,2,4,20,5,N,A,N,A,H,D,A,01,S,08,E,,,,,I,N,N,D,3,0,0,0,22107.0,1,38.14546164,-120.83966732,3
2012,2012-03-06,1000,3,1,10,2,N,B,N,B,H,A,D,22,E,05,A,,,,,C,Y,N,D,1,0,0,0,21650.0,2,38.20041004,-120.56414693,4
2012,2012-03-01,1917,3,1,19,4,Y,C,Y,B,H,C,D,22,,09,D,,,,,C,Y,N,A,1,0,0,0,21801.0,3,38.16768207,-120.8399998,3
2012,2012-01-27,1353,1,4,13,5,N,A,Y,A,H,A,A,07,S,09,D,,,,,C,N,N,D,1,0,0,0,21804.0,2,38.19920515,-120.68848294,4
2012,2012-03-02,2015,3,1,20,5,N,A,Y,A,H,C,D,22,E,01,E,,,,,J,Y,N,A,1,0,0,0,23152.0,1,38.104822,-120.91067208,3
2012,2012-02-21,736,2,4,7,2,N,A,N,A,H,A,C,02,S,08,F,,,Y,,A,Y,N,D,1,0,0,1,22107.0,1,38.19654139,-120.89228451,4
2012,2012-02-20,445,2,4,4,1,N,B,Y,A,H,D,A,01,E,05,E,,,,,I,Y,N,D,1,0,0,0,21650.0,1,38.19520172,-120.97910399,4
2012,2012-02-25,1500,2,4,15,6,Y,A,Y,A,H,A,A,07,,09,D,,,,,C,Y,N,A,1,0,0,0,21802.0,2,38.29915271,-120.70673389,3
2012,2012-02-18,1500,2,4,15,6,N,B,N,A,H,A,A,01,E,05,A,,,,,C,Y,N,D,2,0,0,0,21460.0,2,38.19220161,-120.82985267,3
2012,2012-02-18,1402,2,4,14,6,N,A,Y,A,H,A,A,07,E,03,C,,,,,C,N,N,D,3,0,0,0,22350.0,2,38.17405027,-120.83345653,4
2012,2012-03-08,1230,3,1,12,4,N,A,Y,A,H,A,D,22,W,01,E,,,,,I,Y,N,A,1,0,0,0,23152.0,1,38.41336758,-120.5493943,3
2012,2012-03-02,2240,3,1,22,5,N,A,N,A,H,C,D,22,W,05,E,,,,,I,Y,M,A,1,0,0,0,21650.0,1,38.09595326,-120.53132257,3
2012,2012-03-14,1215,3,1,12,3,N,B,N,B,H,A,D,22,S,03,E,,,,,I,Y,N,D,1,0,0,0,22350.0,1,38.19783515,-120.68026697,3
2012,2012-03-22,35,3,1,0,4,N,A,N,A,H,D,D,22,N,01,E,,,,,I,Y,N,D,1,0,0,0,23152.0,1,38.205182,-120.38148254,3
2012,2012-03-20,1330,3,1,13,2,N,A,Y,A,H,A,D,22,E,05,E,,,,,I,N,N,D,1,0,0,0,21650.0,1,38.112323,-120.45713289,3
2012,2012-03-18,1125,3,1,11,7,N,B,N,B,H,A,A,01,W,08,E,,,,,I,Y,N,D,1,0,0,0,22107.0,1,37.9376619,-120.6340903,2
2012,2012-02-17,1840,2,4,18,5,N,A,Y,A,H,D,-,- ,W,18,E,,,,,I,Y,N,D,1,0,0,0,,1,38.2056756,-120.72922352,3
2012,2012-03-23,1405,3,1,14,5,N,A,N,A,H,A,A,07,S,01,A,,,,,C,Y,N,D,2,0,0,0,23152.0,2,38.13891514,-120.66258788,1
2012,2012-06-05,1952,6,2,19,2,N,A,N,A,H,A,A,01,W,01,E,,,,,I,Y,N,D,0,0,0,0,23152.0,1,38.18469356,-120.81946347,1
2012,2012-04-26,1720,4,1,17,4,N,A,N,A,H,A,A,01,S,08,E,,,,,I,Y,N,D,3,0,0,0,22107.0,2,38.07616777,-120.45760727,1
2012,2012-05-06,1330,5,1,13,7,N,A,Y,A,H,A,C,02,E,01,E,,,Y,,I,Y,N,D,1,0,0,1,23152.0,1,38.0490661,-120.63322007,1
2012,2012-03-04,751,3,1,7,7,N,A,Y,A,H,A,A,01,W,03,C,,,,,C,Y,N,D,5,0,0,0,22350.0,3,38.19296547,-120.82390386,2
2012,2012-03-29,2200,3,1,22,4,N,A,Y,A,H,D,A,01,E,08,E,,,,,I,Y,N,D,1,0,0,0,22107.0,1,38.04885108,-120.63447811,2
2012,2012-03-03,1100,3,1,11,6,N,A,Y,A,H,A,A,01,N,08,E,,,,,I,Y,N,D,1,0,0,0,22107.0,1,38.1905019,-120.67494632,4
2012,2012-02-27,30,2,4,0,1,N,A,Y,A,H,D,A,07,W,01,E,,,,,I,Y,N,D,1,0,0,0,23152.0,1,38.06794124,-120.6066675,4
2013,2013-02-25,1609,2,4,16,1,N,A,Y,A,H,A,D,22,S,03,C,,,,,C,N,N,A,4,0,0,0,22350.0,3,38.0828825,-120.5593514,4
2012,2012-04-10,1025,4,1,10,2,N,A,N,A,H,A,-,- ,N,18,H,,,,,A,N,N,D,1,0,0,0,,1,38.26004634,-120.76310887,3
2012,2012-03-28,740,3,1,7,3,N,B,Y,B,H,A,A,01,W,05,B,,,,Y,C,Y,N,D,1,0,0,0,21460.0,2,38.17971306,-120.83005452,2
2012,2012-04-08,1450,4,1,14,7,N,B,Y,A,H,A,-,- ,E,00,B,,,,Y,C,N,N,D,1,0,0,0,,2,38.26959228,-120.3228863,3
2012,2012-04-05,720,4,1,7,4,N,A,Y,A,H,A,D,22,W,09,D,,,,,C,Y,N,D,1,0,0,0,21804.0,2,38.18274868,-120.89379208,4
2012,2012-03-08,2307,3,1,23,4,N,A,N,A,H,D,A,07,N,01,F,,,,,A,Y,N,D,1,0,0,0,23152.0,1,38.1519288,-120.60012102,3
2012,2012-04-12,2055,4,1,20,4,N,C,Y,B,H,D,D,22,W,03,F,,,,,A,Y,N,D,2,0,0,0,22350.0,1,38.06814701,-120.60725686,3
2012,2012-04-06,1100,4,1,11,5,Y,A,N,A,H,A,A,01,,09,D,,,,,C,Y,N,A,2,0,0,0,21802.0,2,38.151445,-120.84455298,4
2012,2012-04-10,2025,4,1,20,2,N,A,N,A,H,D,A,08,S,01,E,,,,,I,Y,N,D,1,0,0,0,23152.0,1,37.9656643,-120.62493231,3
2012,2012-04-07,1220,4,1,12,6,N,A,N,A,H,A,C,02,N,03,F,,,Y,,A,Y,N,D,1,0,0,1,22350.0,1,38.11477042,-120.65830075,3
2012,2012-10-02,1417,10,3,14,2,N,A,Y,A,H,A,J,48,W,03,C,,,,,C,N,N,D,1,0,0,0,22350.0,2,38.18399115,-120.82582248,4
2012,2012-03-19,1615,3,1,16,1,N,A,N,A,H,A,A,07,N,01,E,,,,,I,Y,N,D,1,0,0,0,23152.0,1,38.29598256,-120.49708843,4
2012,2012-01-21,1730,1,4,17,6,Y,A,Y,B,H,C,-,- ,,12,D,,,,,C,Y,N,A,1,0,0,0,21453.0,2,38.08025515,-120.55579291,4
2012,2012-04-22,2110,4,1,21,7,N,A,N,A,E,D,D,22,W,03,E,,,,,I,Y,M,D,1,0,0,0,22350.0,2,38.22033511,-120.35877709,4
2012,2012-04-22,1520,4,1,15,7,N,A,N,A,H,A,D,22,S,08,B,,,Y,,C,Y,N,D,2,0,0,2,22107.0,2,38.14595117,-120.90029888,3
2012,2012-03-10,1632,3,1,16,6,Y,A,N,A,H,A,A,01,,03,E,,,,,I,Y,N,A,1,0,0,0,22350.0,1,38.078604,-120.558312,4
2012,2012-04-14,1750,4,1,17,6,N,B,N,B,E,A,A,07,E,01,E,,,,,I,Y,N,D,1,0,0,0,23152.0,1,38.21957253,-120.35793543,4
2012,2012-04-13,1130,4,1,11,5,N,B,Y,B,H,A,A,01,W,03,E,,,,,I,Y,N,D,1,0,0,0,22350.0,1,38.03940226,-120.64759014,4
2012,2012-04-20,1700,4,1,17,5,N,A,N,A,H,-,D,22,N,03,H,,,,,H,N,N,D,1,0,0,0,22350.0,1,38.22813294,-120.70284568,4
2012,2012-04-19,1805,4,1,18,4,N,A,N,A,H,A,A,01,N,01,E,,,,,I,Y,N,D,2,0,0,0,23152.0,1,38.20913464,-120.90611805,3
2012,2012-04-05,745,4,1,7,4,N,A,Y,A,H,A,A,01,W,03,C,,,,,C,Y,N,D,3,0,0,0,22350.0,3,38.18301804,-120.89577441,3
2012,2012-04-27,825,4,1,8,5,N,A,N,A,H,A,D,22,N,08,E,,,,,I,Y,N,D,1,0,0,0,22107.0,1,38.06166577,-120.87116003,4
2012,2012-04-24,710,4,1,7,2,N,A,N,A,H,A,C,02,E,03,F,,,Y,,A,Y,N,D,1,0,0,1,22350.0,1,38.34664691,-120.56588492,3
2012,2012-04-23,945,4,1,9,1,Y,A,Y,A,H,A,A,01,,03,D,,,,,C,N,N,D,1,0,0,0,22350.0,2,38.1859708,-120.67271779,4
2012,2012-04-20,1015,4,1,10,5,N,A,Y,A,H,A,A,01,S,01,C,,,,,C,Y,M,A,1,0,0,0,23152.0,2,38.20122143,-120.6928055,3
2012,2012-04-20,1655,4,1,16,5,N,A,N,A,H,A,A,07,W,03,E,,,,,I,Y,N,D,1,0,0,0,22350.0,1,38.25268602,-120.36717934,4
2012,2012-04-28,1337,4,1,13,6,N,A,Y,A,H,A,D,22,W,03,C,,,,,C,Y,N,D,2,0,0,0,22350.0,2,38.11561044,-120.89413315,3
2012,2012-04-30,1645,4,1,16,1,Y,A,Y,A,H,A,D,22,,09,A,,,,,C,Y,N,D,1,0,0,0,21801.0,2,38.40272068,-120.52516088,4
2012,2012-05-05,1840,5,1,18,6,N,A,N,A,H,A,D,22,W,08,E,,,,,I,Y,N,D,1,0,0,0,22107.0,1,38.21231509,-120.91237597,4
2012,2012-05-08,1035,5,1,10,2,N,A,N,A,H,A,A,01,S,05,A,,,,,C,Y,N,D,3,0,0,0,21460.0,2,38.14051033,-120.86262859,3
2012,2012-05-08,1220,5,1,12,2,N,A,N,A,H,A,D,22,S,09,D,,,,,C,N,N,D,1,0,0,0,21804.0,2,38.22335428,-120.69612175,4
2012,2012-05-08,2105,5,1,21,2,Y,A,Y,A,H,D,D,22,,09,A,,,,,D,Y,N,A,2,0,0,0,21802.0,2,38.10482071,-120.91085265,4
2012,2012-05-07,520,5,1,5,1,N,A,Y,A,H,D,-,- ,E,18,E,,,,,I,Y,N,D,1,0,0,0,,1,38.09654723,-120.94145508,3
2012,2012-05-03,1720,5,1,17,4,N,A,Y,A,H,A,A,01,N,03,C,,,,,C,Y,N,D,1,0,0,0,22350.0,2,38.18620228,-120.67294406,3
2012,2012-05-04,1010,5,1,10,5,Y,A,Y,A,H,A,A,01,,03,C,,,,,C,N,N,D,1,0,0,0,22350.0,2,38.17427112,-120.8332275,4