ACCIDENT_YEAR,COLLISION_DATE,COLLISION_TIME,MONTH,SEASON,24HOURS,DAY_OF_WEEK,INTERSECTION,WEATHER_1,STATE_HWY_IND,ROAD_SURFACE,ROAD_COND_1,LIGHTING,STWD_VEHTYPE_AT_FAULT,CHP_VEHTYPE_AT_FAULT,DIRECTION,PCF_VIOL_CATEGORY,TYPE_OF_COLLISION,PEDESTRIAN_ACCIDENT,BICYCLE_ACCIDENT,MOTORCYCLE_ACCIDENT,TRUCK_ACCIDENT,MVIW,TOW_AWAY,HIT_AND_RUN,CONTROL_DEVICE,NUMBER_INJURED,COUNT_PED_INJURED,COUNT_BICYCLIST_INJURED,COUNT_MC_INJURED,PCF_VIOLATION,PARTY_COUNT,POINT_Y,POINT_X,COLLISION_SEVERITY
2019,2019-01-03,1335,1,4,13,4,N,A,N,A,H,A,D,22,N,01,E,,,,,I,Y,N,D,1,0,0,0,23152.0,1,38.26636505126953,-120.50371551513672,2
2019,2019-01-06,1015,1,4,10,7,N,B,Y,B,H,A,A,07,E,08,E,,,,,I,Y,N,A,2,0,0,0,22107.0,1,38.04694747924805,-120.646240234375,4
2019,2019-01-07,50,1,4,0,1,N,C,Y,B,H,C,A,01,E,08,F,,,,,A,Y,N,A,1,0,0,0,22107.0,1,38.0792121887207,-120.52703857421876,4
2019,2019-01-08,1545,1,4,15,2,N,B,N,A,H,A,A,07,N,09,B,,,,,C,Y,N,D,2,0,0,0,21802.0,2,38.14806365966797,-120.84844207763672,4
2019,2019-01-14,1738,1,4,17,1,Y,B,Y,A,H,D,A,01,,09,D,,,,,C,Y,N,A,1,0,0,0,21802.0,2,38.19351196289063,-120.82078552246094,4
2019,2019-01-11,2000,1,4,20,5,Y,A,Y,A,H,C,A,01,,09,B,,,,,C,N,N,D,2,0,0,0,21802.0,2,38.194915771484375,-120.97889709472656,4
2019,2019-01-11,1330,1,4,13,5,N,A,N,A,H,A,C,02,W,03,D,,,Y,,C,N,N,D,1,0,0,1,22350.0,2,38.161651611328125,-120.82234191894533,2
2019,2019-01-17,540,1,4,5,4,N,B,N,B,H,D,A,01,N,03,E,,,,,I,Y,N,D,1,0,0,0,22350.0,1,37.89762115478516,-120.57198333740234,4
2019,2019-01-16,2000,1,4,20,3,N,C,N,B,H,D,D,22,N,08,E,,,,,I,Y,N,D,1,0,0,0,22107.0,1,38.23448181152344,-120.49823760986328,4
2019,2019-01-20,1140,1,4,11,7,N,C,Y,B,H,A,A,01,E,08,E,,,,,I,Y,N,D,1,0,0,0,22107.0,1,38.23210906982422,-120.76200103759766,4
2019,2019-01-18,2100,1,4,21,5,N,A,N,A,H,D,A,07,S,01,F,,,,,A,Y,N,D,1,0,0,0,23152.0,1,38.2588119506836,-120.51956939697266,4
2019,2019-01-21,1035,1,4,10,1,N,A,Y,C,C,A,-,- ,E,18,D,,,,,C,N,N,D,1,0,0,0,,2,38.362991333007805,-120.20144653320312,3
2019,2019-01-21,1548,1,4,15,1,N,A,N,A,H,A,A,07,S,03,C,,,,,C,Y,N,D,2,0,0,0,22350.0,2,37.9353141784668,-120.6041259765625,3
2019,2019-01-21,1840,1,4,18,1,Y,A,N,A,H,D,C,02,,09,D,,,Y,,C,N,N,A,1,0,0,1,21801.0,2,38.108211517333984,-120.8676986694336,2
2019,2019-01-25,2359,1,4,23,5,N,A,N,A,H,D,C,02,N,01,F,,,Y,,A,N,N,D,1,0,0,1,23152.0,1,38.141483306884766,-120.89922332763672,3
2019,2019-01-29,2308,1,4,23,2,N,A,Y,A,H,D,A,01,W,05,A,,,,,C,Y,N,D,3,0,0,0,21460.0,2,38.15751647949219,-120.85070037841795,3
2019,2019-01-26,1310,1,4,13,6,N,A,N,A,A,A,C,02,S,08,F,,,Y,,A,Y,N,D,1,0,0,1,22107.0,1,38.20375442504882,-120.88133239746094,3
2019,2019-01-29,1025,1,4,10,2,N,A,Y,A,H,A,A,01,E,08,E,,,,,I,Y,N,D,1,0,0,0,22107.0,1,38.21199035644531,-120.74694061279295,4
2018,2018-12-23,2023,12,4,20,7,N,B,N,A,H,D,D,22,N,01,A,,,,,C,Y,N,D,3,0,0,0,23152.0,3,38.1655158996582,-120.91817474365234,1
2019,2019-02-05,1430,2,4,14,2,N,B,Y,C,H,A,A,01,W,05,A,,,,,C,Y,N,D,2,0,0,0,21650.0,2,38.20703506469727,-120.70988464355467,4
2019,2019-02-02,1900,2,4,19,6,N,B,Y,B,H,D,D,22,E,08,F,,,,,A,N,N,D,1,0,0,0,22107.0,1,38.31794357299805,-120.65232849121094,4
2019,2019-02-02,1200,2,4,12,6,N,B,Y,C,H,A,D,22,E,08,F,,,,,A,Y,N,D,1,0,0,0,22107.0,1,38.28286361694336,-120.30463409423828,4
2019,2019-02-06,2155,2,4,21,3,N,A,N,A,H,D,A,07,S,01,F,,,,,A,Y,N,D,1,0,0,0,23152.0,1,38.07844543457031,-120.52725982666016,3
2019,2019-02-05,1013,2,4,10,2,N,B,Y,C,H,A,D,22,E,03,F,,,,,A,Y,N,D,1,0,0,0,22350.0,1,37.94243621826172,-120.73578643798828,4
2019,2019-02-06,1815,2,4,18,3,Y,A,Y,A,H,C,D,22,,09,D,,,,,C,Y,N,A,1,0,0,0,21802.0,2,38.18354034423828,-120.8905029296875,3
2019,2019-02-08,1625,2,4,16,5,Y,A,Y,A,H,A,D,22,,09,D,,,,,C,Y,N,D,2,0,0,0,21801.0,2,38.17906188964844,-120.91796875,3
2019,2019-02-13,1623,2,4,16,3,N,C,Y,B,H,D,A,01,W,03,E,,,,,I,Y,N,D,1,0,0,0,22350.0,1,38.40999221801758,-120.55552673339844,4
2019,2019-02-13,1330,2,4,13,3,N,C,Y,B,H,A,A,07,E,08,F,,,,,A,Y,N,D,1,0,0,0,22107.0,1,38.19718933105469,-120.36622619628906,3
2019,2019-02-17,830,2,4,8,7,N,C,N,B,H,A,A,01,S,05,E,,,,,I,Y,N,D,1,0,0,0,21650.0,1,38.09114074707031,-120.66289520263672,4
2019,2019-02-18,1025,2,4,10,1,N,A,Y,C,G,A,A,07,W,03,D,,,,,C,Y,N,A,1,0,0,0,22350.0,2,38.191719055175774,-120.36521911621094,4
2019,2019-02-14,1945,2,4,19,4,N,C,Y,B,H,D,A,07,W,01,E,,,,,I,Y,N,D,1,0,0,0,23152.0,1,38.206367492675774,-120.71123504638672,4
2019,2019-02-16,1600,2,4,16,6,N,B,Y,C,H,A,A,07,W,02,C,,,,Y,C,N,N,D,1,0,0,0,22400.0,2,38.27409362792969,-120.31678771972656,4
2019,2019-02-23,1700,2,4,17,6,N,A,N,A,H,A,A,07,E,09,D,,,,,C,Y,N,A,1,0,0,0,21802.0,2,38.1925048828125,-120.82633209228516,4
2019,2019-03-02,2000,3,1,20,6,N,B,Y,B,H,D,D,22,W,05,B,,,,,C,Y,N,D,1,0,0,0,21650.0,3,38.07219314575195,-120.5788116455078,4
2019,2019-03-05,1728,3,1,17,2,Y,A,Y,A,H,A,D,22,,09,A,,,,,C,Y,N,D,2,0,0,0,21801.0,2,38.09518814086913,-120.4717254638672,3
2019,2019-03-10,940,3,1,9,7,N,A,Y,A,H,A,A,01,E,05,E,,,,,I,Y,N,D,4,0,0,0,21650.0,1,38.04644393920898,-120.646728515625,4
2019,2019-03-10,1735,3,1,17,7,N,B,Y,B,H,B,D,22,E,01,E,,,,,I,Y,N,D,1,0,0,0,23152.0,1,38.068706512451165,-120.61044311523438,3
2019,2019-03-09,1855,3,1,18,6,N,B,N,B,H,C,D,22,W,08,F,,,,,A,Y,N,D,1,0,0,0,22107.0,1,38.10555267333984,-120.51919555664062,4
2019,2019-03-09,1821,3,1,18,6,N,B,N,B,H,A,A,01,S,01,B,,,,,C,Y,N,D,2,0,0,0,23152.0,2,37.96456146240234,-120.655517578125,4
2019,2019-03-14,1430,3,1,14,4,N,A,Y,A,H,A,A,08,E,08,E,,,,,I,Y,N,D,2,0,0,0,22107.0,1,38.180713653564446,-120.90876770019533,2
2019,2019-03-18,1609,3,1,16,1,N,A,N,A,H,A,C,02,W,08,F,,,Y,,A,N,N,D,1,0,0,1,22107.0,1,38.14019775390625,-120.86193084716795,3
2019,2019-03-15,1510,3,1,15,5,N,A,N,A,H,A,-,- ,N,18,H,,,Y,,H,N,N,D,1,0,0,1,,1,38.08248901367188,-120.87332916259766,2
2019,2019-03-26,1100,3,1,11,2,N,B,N,A,H,A,A,01,S,03,C,,,,,C,Y,N,D,2,0,0,0,22350.0,2,37.939918518066406,-120.6054229736328,3
2019,2019-03-25,1145,3,1,11,1,N,A,Y,A,H,A,D,22,W,03,C,,,,,C,Y,N,D,1,0,0,0,22350.0,2,38.403186798095696,-120.52645874023438,3
2019,2019-03-27,1120,3,1,11,3,N,B,Y,B,H,A,D,22,E,08,E,,,,,I,Y,N,D,1,0,0,0,22107.0,1,38.27864074707031,-120.3105926513672,2
2019,2019-04-02,1500,4,1,15,2,N,B,Y,B,H,A,D,22,,03,E,,,,,I,Y,N,D,1,0,0,0,22350.0,1,38.3172264099121,-120.65274810791016,4
2019,2019-03-28,1625,3,1,16,4,N,B,Y,B,H,A,A,07,E,08,E,,,,,I,Y,N,D,1,0,0,0,22107.0,1,38.21002578735352,-120.74414825439452,4
2019,2019-03-29,1355,3,1,13,5,N,A,Y,A,H,A,A,01,W,09,D,,,,,C,Y,N,D,4,0,0,0,21804.0,2,38.10797500610352,-120.4623794555664,3
2019,2019-04-08,1330,4,1,13,1,N,A,Y,A,H,A,A,01,E,08,E,,,,,I,Y,N,D,1,0,0,0,22107.0,1,38.16510391235352,-120.42252349853516,4
2019,2019-04-05,1535,4,1,15,5,N,B,Y,B,H,A,D,22,E,08,E,,,,,I,Y,N,D,1,0,0,0,22107.0,1,38.12685394287109,-120.87494659423828,2
2019,2019-04-06,1525,4,1,15,6,N,A,Y,A,H,A,C,02,E,21,B,,,Y,,E,N,N,D,1,0,0,1,22106.0,2,38.155792236328125,-120.85215759277344,4
2019,2019-04-07,1200,4,1,12,7,N,A,Y,A,H,A,C,02,S,03,F,,,Y,,A,Y,N,D,1,0,0,1,22350.0,1,38.027435302734375,-120.51088714599608,2
2019,2019-04-07,2057,4,1,20,7,N,A,Y,A,H,C,D,22,E,01,D,,,,,C,Y,N,D,1,0,0,0,23152.0,2,38.18869018554688,-120.82682800292967,3
2019,2019-03-10,2006,3,1,20,7,N,A,N,A,H,D,N,60,S,11,G,Y,,,,B,N,N,D,0,0,0,0,21954.0,2,37.92250061035156,-120.63338470458984,1
2019,2019-04-14,2500,4,1,25,7,N,A,Y,A,H,D,A,01,N,01,E,,,,,I,Y,N,D,1,0,0,0,23152.0,1,38.1356201171875,-120.63535308837892,2
2019,2019-03-18,720,3,1,7,1,Y,A,Y,A,H,A,A,01,,09,D,,,,,C,Y,F,A,2,0,0,0,21802.0,3,38.17977523803711,-120.95955657958984,2
2019,2019-04-18,2005,4,1,20,4,N,A,N,A,H,D,A,07,W,03,G,Y,,,,B,N,M,D,1,1,0,0,22350.0,2,38.1102294921875,-120.86727905273438,4
2019,2019-04-25,2122,4,1,21,4,N,A,Y,A,H,D,-,- ,E,18,H,,,Y,,H,Y,N,D,1,0,0,1,,1,38.2109489440918,-120.36857604980467,2
2019,2019-04-19,1401,4,1,14,5,Y,B,N,A,H,A,A,01,,09,D,,,,,C,Y,N,A,2,0,0,0,21802.0,2,38.11817169189453,-120.86093902587892,3
2019,2019-04-22,1550,4,1,15,1,N,A,Y,A,H,A,A,01,W,09,D,,,,,C,Y,N,D,1,0,0,0,21801.0,2,38.09336853027344,-120.48471069335938,3
2019,2019-04-23,940,4,1,9,2,N,A,N,A,H,A,L,04,W,03,C,,Y,,,G,N,N,D,1,0,1,0,22350.0,2,38.05489730834961,-120.53500366210938,2
2019,2019-04-24,1105,4,1,11,3,Y,A,Y,A,H,A,A,01,,03,C,,,,,C,Y,N,D,1,0,0,0,22350.0,2,38.13267517089844,-120.6349868774414,2
2019,2019-04-19,2100,4,1,21,5,Y,A,Y,A,H,D,-,99,,12,G,Y,,,,B,N,F,A,1,1,0,0,22450.0,2,38.110939025878906,-120.4587631225586,4
2019,2019-04-26,1920,4,1,19,5,N,A,Y,A,H,A,A,01,W,08,A,,,,,C,Y,N,D,1,0,0,0,22107.0,2,38.17757034301758,-120.83097076416016,4
2019,2019-04-25,1725,4,1,17,4,N,A,Y,A,H,A,D,22,E,01,E,,,,,I,Y,N,D,1,0,0,0,23152.0,1,38.38815689086913,-120.18394470214844,3
2019,2019-04-28,1750,4,1,17,7,N,A,N,A,H,A,D,22,W,13,H,,,,,A,N,N,D,1,0,0,0,22515.0,1,38.14781188964844,-120.85025024414062,3
2019,2019-05-05,750,5,1,7,7,N,A,Y,A,H,A,F,26,S,03,F,,,,Y,A,Y,N,D,1,0,0,0,22350.0,1,38.30564498901367,-120.72835540771484,3
2019,2019-05-04,1525,5,1,15,6,N,A,Y,A,H,A,D,22,W,08,E,,,,,I,Y,N,D,2,0,0,0,22107.0,1,38.03960800170898,-120.64766693115234,3
2019,2019-05-15,1800,5,1,18,3,N,B,Y,A,H,A,D,22,S,08,E,,,,,I,Y,N,D,1,0,0,0,22107.0,1,38.309837341308594,-120.72245025634766,4
2019,2019-05-16,1546,5,1,15,4,Y,B,Y,B,H,A,A,01,,09,A,,,,,C,Y,N,A,1,0,0,0,21801.0,2,38.189151763916016,-120.67453002929688,4
2019,2019-05-17,1715,5,1,17,5,N,A,N,B,H,A,A,07,W,01,E,,,,,I,Y,N,D,1,0,0,0,23152.0,1,38.25981903076172,-120.6622314453125,3
2019,2019-05-18,650,5,1,6,6,N,A,Y,A,H,A,D,22,E,01,E,,,,,I,Y,N,D,1,0,0,0,23152.0,1,38.09644317626953,-120.4714813232422,3
2019,2019-05-19,1655,5,1,16,7,N,B,Y,B,H,A,D,22,E,09,D,,,,,C,Y,N,A,2,0,0,0,21804.0,2,38.19078826904297,-120.82806396484376,3
2019,2019-05-19,1705,5,1,17,7,N,B,Y,A,H,A,-,- ,S,18,E,,,,,I,N,N,D,1,0,0,0,,1,38.185489654541016,-120.8256607055664,4
2019,2019-05-25,1715,5,1,17,6,N,A,N,A,H,A,C,06,E,03,F,,,Y,,A,N,N,D,1,0,0,1,22350.0,1,38.17362976074219,-120.80584716796876,3
2019,2019-05-23,710,5,1,7,4,N,A,Y,A,H,A,D,22,E,03,C,,,,,C,Y,N,D,2,0,0,0,22350.0,2,38.13993453979492,-120.86502075195312,4
2019,2019-05-24,1349,5,1,13,5,Y,A,N,A,H,A,A,01,,09,D,,,Y,,C,Y,N,A,1,0,0,1,21802.0,2,38.192909240722656,-120.82923889160156,2
2019,2019-05-30,1115,5,1,11,4,N,A,Y,A,H,A,A,07,W,09,D,,,,,C,Y,N,D,1,0,0,0,21801.0,2,38.2528190612793,-120.35546875,3
2019,2019-05-27,1745,5,1,17,1,N,B,Y,A,H,A,D,22,E,05,A,,,,,C,Y,N,D,3,0,0,0,21460.0,2,38.198387145996094,-120.36590576171876,2
2019,2019-05-31,1821,5,1,18,5,Y,A,Y,A,H,A,A,01,,09,D,,,,,C,Y,N,A,1,0,0,0,21802.0,2,38.29781723022461,-120.70465087890624,4
2019,2019-06-06,1055,6,2,10,4,Y,A,Y,A,H,A,A,07,,09,D,,,,,C,Y,N,A,2,0,0,0,21802.0,2,38.21510314941406,-120.76333618164062,4
2019,2019-06-14,1219,6,2,12,5,N,A,Y,A,H,A,A,01,W,08,E,,,,,I,Y,N,D,1,0,0,0,22107.0,1,38.15231704711913,-120.8561553955078,4
2019,2019-06-15,250,6,2,2,6,N,A,N,A,H,D,C,02,N,03,F,,,Y,,A,Y,N,D,1,0,0,1,22350.0,1,38.08177947998047,-120.45936584472656,2
2019,2019-06-15,1620,6,2,16,6,N,A,N,A,H,A,C,02,N,05,B,,,Y,,C,N,N,D,1,0,0,1,21460.0,2,38.34660720825195,-120.56644439697266,3
2019,2019-06-17,1602,6,2,16,1,Y,A,N,A,H,A,A,01,,09,D,,,,,C,Y,N,A,2,0,0,0,21801.0,3,38.11114883422852,-120.87924194335938,4
2019,2019-06-18,2310,6,2,23,2,N,A,N,A,H,D,A,07,N,05,E,,,,,I,N,N,D,1,0,0,0,21650.0,1,38.216007232666016,-120.82530975341795,3
2019,2019-06-16,1557,6,2,15,7,N,A,Y,A,H,A,C,02,N,08,E,,,Y,,I,Y,N,D,1,0,0,1,22107.0,1,38.30580139160156,-120.72724151611328,3
2019,2019-06-22,2130,6,2,21,6,Y,A,N,A,H,D,A,07,,01,E,,,,,I,Y,N,D,1,0,0,0,23152.0,1,38.13383102416992,-120.92642974853516,2
2019,2019-06-22,2028,6,2,20,6,N,A,Y,A,H,A,A,01,E,01,E,,,,,I,Y,N,D,1,0,0,0,23152.0,1,38.409793853759766,-120.55478668212892,2
2019,2019-06-17,905,6,2,9,1,N,A,N,A,H,A,A,01,E,08,E,,,,,I,Y,N,D,2,0,0,0,22107.0,1,38.139198303222656,-120.85797119140624,3
2019,2019-06-20,1115,6,2,11,4,N,A,N,A,H,A,-,- ,E,18,E,,,,,I,Y,N,D,1,0,0,0,,1,38.3992919921875,-120.5266571044922,4
2019,2019-06-23,1220,6,2,12,7,N,A,Y,A,H,A,C,02,E,08,F,,,Y,,A,N,N,D,1,0,0,1,22107.0,1,38.04663848876953,-120.64658355712892,3
2019,2019-06-21,1730,6,2,17,5,N,A,N,A,H,A,A,07,W,08,E,,,,,I,Y,N,D,1,0,0,0,22107.0,1,38.121109008789055,-120.50926971435548,4
2019,2019-06-22,255,6,2,2,6,N,A,Y,A,H,D,D,22,E,01,F,,,,,A,Y,N,D,1,0,0,0,23152.0,1,38.20973587036133,-120.74343872070312,3
2019,2019-06-22,1430,6,2,14,6,N,A,N,A,H,A,C,06,N,08,E,,,Y,,I,N,N,D,1,0,0,1,38314.0,1,38.40848159790039,-120.19392395019533,2
2019,2019-06-29,2230,6,2,22,6,N,A,N,A,H,D,A,07,S,05,E,,,,,I,Y,N,D,1,0,0,0,21650.0,1,37.92861175537109,-120.5982666015625,2
2019,2019-07-01,30,7,2,0,1,N,A,Y,A,H,D,A,01,N,01,E,,,,,I,Y,N,D,1,0,0,0,23152.0,1,38.2377815246582,-120.710693359375,2
2019,2019-06-30,1632,6,2,16,7,N,A,Y,A,H,A,A,07,S,09,D,,,,,C,Y,N,D,1,0,0,0,21804.0,2,38.19518661499024,-120.9791259765625,3
2019,2019-07-05,1538,7,2,15,5,N,A,Y,A,H,A,D,22,S,05,A,,,,,C,Y,N,D,4,0,0,0,21460.0,2,38.303958892822266,-120.73001098632812,4
2019,2019-07-03,1227,7,2,12,3,N,A,Y,A,H,A,A,07,W,09,D,,,Y,,C,Y,N,D,1,0,0,1,21804.0,2,38.40935134887695,-120.53506469726562,3
2019,2019-07-12,1035,7,2,10,5,N,A,Y,A,H,A,D,22,E,01,F,,,,,A,Y,N,D,1,0,0,0,23152.0,1,38.20831298828125,-120.78672027587892,3
2019,2019-07-12,1948,7,2,19,5,Y,A,Y,A,H,B,A,01,,09,D,,,,,C,N,N,A,2,0,0,0,21802.0,2,38.18354415893555,-120.89044189453124,4
2019,2019-07-20,1035,7,2,10,6,N,A,N,A,H,A,A,01,N,05,B,,,,,C,Y,N,D,5,0,0,0,21460.0,3,37.91353225708008,-120.62183380126952,3
2019,2019-07-23,920,7,2,9,2,Y,A,Y,A,H,A,A,01,,09,D,,,,,C,N,N,A,1,0,0,0,21802.0,2,38.12271881103516,-120.87754821777344,4
2019,2019-07-20,1800,7,2,18,6,Y,A,N,A,H,A,A,07,,08,E,,,,,I,N,N,D,1,0,0,0,22107.0,1,38.191139221191406,-120.83071136474608,3
2019,2019-07-15,1535,7,2,15,1,N,A,Y,A,H,A,A,07,E,01,E,,,,,I,Y,N,D,1,0,0,0,23152.0,1,38.13179397583008,-120.872802734375,4
2019,2019-07-20,1235,7,2,12,6,N,A,Y,A,H,A,A,07,W,03,C,,,,,C,Y,N,D,2,0,0,0,22350.0,4,38.136043548583984,-120.4564208984375,4
2019,2019-07-20,1110,7,2,11,6,Y,A,Y,A,H,A,C,02,,08,E,,,Y,,I,Y,N,D,1,0,0,1,22107.0,1,38.36312103271485,-120.56140899658205,2
2019,2019-07-19,1135,7,2,11,5,N,A,Y,A,H,A,A,07,S,09,D,,,,,C,Y,N,D,1,0,0,0,21801.0,2,38.20100402832031,-120.69229125976562,4
2019,2019-07-20,2040,7,2,20,6,N,A,Y,A,H,D,D,22,W,08,E,,,,,I,Y,N,D,1,0,0,0,22107.0,1,38.2071647644043,-120.70101165771484,4
2019,2019-07-25,1355,7,2,13,4,Y,A,Y,A,H,A,E,22,,09,B,,,,,C,N,N,D,2,0,0,0,21801.0,2,38.13019180297852,-120.87410736083984,4
2019,2019-07-22,1551,7,2,15,1,N,A,Y,A,H,A,C,02,W,08,E,,,Y,,I,Y,N,D,1,0,0,1,22107.0,1,38.038379669189446,-120.64744567871094,2
2019,2019-07-24,2100,7,2,21,3,N,A,Y,A,H,C,-,- ,W,18,H,,,,,A,N,N,D,1,0,0,0,,1,38.16544342041016,-120.42112731933594,2
2019,2019-07-25,1055,7,2,10,4,N,A,N,A,H,A,A,07,S,09,H,,,,Y,C,Y,N,D,1,0,0,0,21804.0,2,38.24647521972656,-120.33284759521484,4
2019,2019-07-24,2330,7,2,23,3,N,A,N,A,H,D,D,22,E,08,F,,,,,A,Y,N,D,1,0,0,0,22107.0,1,38.19048309326172,-120.64068603515624,2
2019,2019-07-31,415,7,2,4,3,N,A,Y,A,H,D,-,- ,S,18,H,,,,,H,Y,N,D,1,0,0,0,,1,38.29777526855469,-120.72274780273438,3
2019,2019-08-01,1800,8,2,18,4,N,A,Y,A,H,A,C,02,E,03,C,,,Y,,C,N,N,D,1,0,0,1,22350.0,2,38.19002532958984,-120.83021545410156,4
2019,2019-08-05,842,8,2,8,1,N,A,Y,A,H,A,A,01,W,05,A,,,,,C,Y,N,D,2,0,0,0,21460.0,2,38.07179641723633,-120.5853271484375,2
2019,2019-08-01,1345,8,2,13,4,N,A,Y,A,H,A,A,07,S,09,D,,,,,C,Y,N,A,2,0,0,0,21802.0,3,38.20487976074219,-120.69736480712892,2
2019,2019-08-03,845,8,2,8,6,N,A,Y,A,H,A,A,01,E,08,E,,,,,I,Y,N,D,1,0,0,0,22107.0,1,38.39997100830078,-120.52655029296876,4
2019,2019-08-04,1809,8,2,18,7,N,A,N,A,H,A,A,07,S,01,B,,,,,C,Y,N,D,1,0,0,0,23152.0,3,38.13550567626953,-120.4604034423828,2
2019,2019-08-05,950,8,2,9,1,N,A,N,A,H,A,D,22,E,05,A,,,,,C,Y,N,D,1,0,0,0,21650.0,2,38.230228424072266,-120.5986785888672,3
2019,2019-08-09,1500,8,2,15,5,N,A,Y,A,H,A,A,01,W,03,C,,,,,C,Y,N,D,1,0,0,0,22350.0,2,38.183887481689446,-120.82585144042967,3
2019,2019-08-06,1416,8,2,14,2,N,A,Y,A,H,A,-,99,W,05,E,,,,,I,Y,F,D,1,0,0,0,21460.0,2,38.31144714355469,-120.66188049316406,4
2019,2019-08-06,1505,8,2,15,2,N,A,Y,A,H,A,A,01,S,09,A,,,,,C,Y,N,A,2,0,0,0,21802.0,2,38.20490646362305,-120.69735717773438,3
2019,2019-08-11,1437,8,2,14,7,N,A,N,A,H,A,A,01,W,01,E,,,,,I,Y,N,D,1,0,0,0,23152.0,1,38.33669662475586,-120.53659057617188,4
2019,2019-08-13,1405,8,2,14,2,N,A,Y,A,H,A,L,04,W,08,D,,Y,,,G,N,N,D,1,0,1,0,22107.0,2,38.193374633789055,-120.82168579101562,4
2019,2019-08-13,1110,8,2,11,2,N,A,Y,A,H,A,D,22,E,09,B,,,Y,,C,Y,N,D,1,0,0,1,21801.0,3,38.288387298583984,-120.71977996826172,2
2019,2019-08-14,1045,8,2,10,3,Y,A,N,A,H,A,A,07,,01,E,,,,,I,Y,N,D,1,0,0,0,23152.0,1,38.34328079223633,-120.57362365722656,3
2019,2019-08-17,1840,8,2,18,6,N,A,Y,A,H,A,A,07,E,09,D,,,,,C,Y,N,A,2,0,0,0,21804.0,2,38.1925048828125,-120.82633972167967,3
2019,2019-08-16,945,8,2,9,5,N,A,Y,A,H,A,A,01,W,08,E,,,,,I,Y,N,D,1,0,0,0,22107.0,1,38.154834747314446,-120.85271453857422,4
2019,2019-08-12,1000,8,2,10,1,Y,A,Y,A,H,A,C,02,,08,F,,,Y,,A,Y,N,D,1,0,0,1,22107.0,2,38.41000747680664,-120.5555419921875,2
2019,2019-08-24,1040,8,2,10,6,Y,A,Y,A,H,A,A,01,,12,D,,,,,C,Y,N,A,1,0,0,0,22450.0,2,38.29783248901367,-120.70465850830078,4
2019,2019-08-23,915,8,2,9,5,N,A,Y,A,H,A,A,01,N,03,A,,,,,C,Y,N,D,2,0,0,0,22350.0,3,38.10432052612305,-120.59291839599608,3
2019,2019-08-25,1725,8,2,17,7,N,A,Y,A,H,A,A,07,W,08,E,,,,,I,Y,N,D,2,0,0,0,22107.0,1,38.16957092285156,-120.41273498535156,2
2019,2019-08-31,1715,8,2,17,6,N,A,Y,A,H,A,C,02,N,01,F,,,Y,,A,Y,N,D,1,0,0,1,23152.0,1,38.29805374145508,-120.72724151611328,2
2019,2019-08-30,1745,8,2,17,5,N,A,N,A,H,A,A,07,S,08,E,,,,,I,Y,N,D,1,0,0,0,22107.0,1,38.12964630126953,-120.94493103027344,4
2019,2019-09-01,1540,9,3,15,7,N,A,Y,A,H,A,C,02,S,08,E,,,Y,,I,Y,N,A,1,0,0,1,22107.0,1,38.09515380859375,-120.47154235839844,4
2019,2019-09-01,1215,9,3,12,7,Y,A,N,A,H,A,D,22,,03,C,,,,,C,Y,N,D,1,0,0,0,22350.0,2,37.94002914428711,-120.60543823242188,4
2019,2019-09-02,1340,9,3,13,1,N,A,Y,A,H,A,C,02,E,08,F,,,Y,,A,Y,N,D,4,0,0,4,22107.0,2,38.26793670654297,-120.3312759399414,3
2019,2019-09-07,120,9,3,1,6,N,A,Y,A,H,D,A,01,E,01,E,,,,,I,Y,N,D,1,0,0,0,23152.0,1,38.11725997924805,-120.88668823242188,3
2019,2019-09-03,1335,9,3,13,2,N,A,Y,A,H,A,A,01,E,08,E,,,,,I,Y,N,D,1,0,0,0,22107.0,1,38.06705474853516,-120.61885833740234,3
2019,2019-09-03,800,9,3,8,2,N,A,Y,A,H,A,D,22,E,08,E,,,,,I,Y,N,D,2,0,0,0,22107.0,1,38.210330963134766,-120.74468231201172,3